{"mjd": [57809.963431, 57815.823315, 57809.967914, 57815.82806, 57809.972433, 57815.835864], "magerr": [0.022299999371170998, 0.043699998408555984, 0.017100000753998756, 0.029500000178813934, 0.014700000174343586, 0.018400000408291817], "alert_name": null, "observatory": ["T100,Hasan Esenoglu", "T100,Hasan Esenoglu", "T100,Hasan Esenoglu", "T100,Hasan Esenoglu", "T100,Hasan Esenoglu", "T100,Hasan Esenoglu"], "caliberr": [0.2029310017824173, 0.040422599762678146, 0.25469401478767395, 0.06998129934072495, 0.19818000495433807, 0.08939159661531448], "mag": [18.84709930419922, 18.784400939941406, 18.293500900268555, 18.344100952148438, 17.56089973449707, 17.60849952697754], "catalog": ["APASS", "APASS", "APASS", "APASS", "APASS", "APASS"], "filter": ["g", "g", "r", "r", "i", "i"], "id": [66956, 67208, 66957, 67209, 66958, 67210]}