{"mjd": [57809.963431, 57815.823315, 57836.967835, 57809.967914, 57815.82806, 57836.973838, 57809.972433, 57815.835864, 57836.978465, 57837.9897566, 57832.7697338, 57832.7711458, 57832.824537, 57832.8274769, 57832.8304167, 57832.8573843, 57833.6450579, 57833.6521644, 57833.6601389, 57834.6665972, 57834.6735995, 57834.6945949, 57834.7016204, 57838.611412, 57838.6184954, 57838.6268171, 57838.6338889, 57838.6409722, 57838.6480556, 57838.6622222, 57838.6693056, 57838.6728009, 57838.6763773, 57841.6914583, 57841.6949653, 57842.6153472, 57842.6188426, 57842.6223264, 57842.6258218, 57842.7850579, 57842.7921412, 57842.7992245, 57832.8259606, 57832.8289005, 57832.8318403, 57833.6343634, 57833.6414583, 57833.6485648, 57833.6636574, 57834.6630787, 57834.6700926, 57834.6770949, 57834.6840972, 57834.6910995, 57834.698125, 57838.6078241, 57838.6303125, 57838.6373958, 57838.6444676, 57838.6515509, 57838.6586343, 57838.6657176, 57838.6728009, 57838.6798843, 57838.6869676, 57841.6984606, 57841.7019444, 57842.6362963, 57842.6397801, 57842.7885532, 57871.904686, 57871.924953, 57871.950607, 57871.976264, 57872.003039, 57872.02871, 57872.804534, 57872.830223, 57872.842407, 57872.868116, 57872.893793, 57871.882352, 57871.934085, 57871.959746, 57871.985431, 57872.012182, 57872.037842, 57872.813681, 57872.851578, 57872.877269, 57872.902954, 57871.914842, 57871.94146, 57871.967125, 57871.992803, 57872.019564, 57872.045224, 57872.821077, 57872.85897, 57872.884654, 57872.91034], "magerr": [0.022299999371170998, 0.043699998408555984, 0.02590000070631504, 0.017100000753998756, 0.029500000178813934, 0.02070000022649765, 0.014700000174343586, 0.018400000408291817, 0.014299999922513962, 0.14970000088214874, 0.0908999964594841, 0.08640000224113464, 0.09539999812841415, 0.10670000314712524, 0.10239999741315842, 0.04500000178813934, 0.06520000100135803, 0.06679999828338623, 0.06030000001192093, 0.0706000030040741, 0.06499999761581421, 0.053599998354911804, 0.05350000038743019, 0.0877000018954277, 0.09570000320672989, 0.05609999969601631, 0.0430000014603138, 0.05139999836683273, 0.052400000393390656, 0.051600001752376556, 0.04390000179409981, 0.04520000144839287, 0.04520000144839287, 0.0406000018119812, 0.042500000447034836, 0.06159999966621399, 0.05570000037550926, 0.05660000070929527, 0.06040000170469284, 0.05730000138282776, 0.05689999833703041, 0.0568000003695488, 0.06080000102519989, 0.06849999725818634, 0.07639999687671661, 0.08449999988079071, 0.09099999815225601, 0.07660000026226044, 0.08370000123977661, 0.08349999785423279, 0.06880000233650208, 0.06369999796152115, 0.058400001376867294, 0.05490000173449516, 0.05609999969601631, 0.06129999831318855, 0.08030000329017639, 0.06210000067949295, 0.0681999996304512, 0.06650000065565109, 0.07370000332593918, 0.08429999649524689, 0.0868000015616417, 0.08699999749660492, 0.07850000262260437, 0.07090000063180923, 0.06939999759197235, 0.11020000278949738, 0.07890000194311142, 0.09709999710321426, 0.019300000742077827, 0.01940000057220459, 0.019700000062584877, 0.02070000022649765, 0.022099999710917473, 0.02800000086426735, 0.08049999922513962, 0.01860000006854534, 0.015799999237060547, 0.016300000250339508, 0.01549999974668026, 0.017100000753998756, 0.016200000420212746, 0.016699999570846558, 0.016699999570846558, 0.019099999219179153, 0.020500000566244125, 0.022199999541044235, 0.014499999582767487, 0.014600000344216824, 0.015699999406933784, 0.020500000566244125, 0.021299999207258224, 0.02329999953508377, 0.024299999698996544, 0.025299999862909317, 0.031700000166893005, 0.02459999918937683, 0.017899999395012856, 0.01759999990463257, 0.02070000022649765], "alert_name": null, "observatory": ["T100,Hasan Esenoglu", "T100,Hasan Esenoglu", "T100,Hasan Esenoglu", "T100,Hasan Esenoglu", "T100,Hasan Esenoglu", "T100,Hasan Esenoglu", "T100,Hasan Esenoglu", "T100,Hasan Esenoglu", "T100,Hasan Esenoglu", "K.Wiersema-Leicester", "TRT-TNO0.5, Supachai", "TRT-TNO0.5, Supachai", "TRT-TNO0.5, Supachai", "TRT-TNO0.5, Supachai", "TRT-TNO0.5, Supachai", "TRT-TNO0.5, Supachai", "TRT-TNO0.5, Supachai", "TRT-TNO0.5, Supachai", "TRT-TNO0.5, Supachai", "TRT-TNO0.5, Supachai", "TRT-TNO0.5, Supachai", "TRT-TNO0.5, Supachai", "TRT-TNO0.5, Supachai", "TRT-TNO0.5, Supachai", "TRT-TNO0.5, Supachai", "TRT-TNO0.5, Supachai", "TRT-TNO0.5, Supachai", "TRT-TNO0.5, Supachai", "TRT-TNO0.5, Supachai", "TRT-TNO0.5, Supachai", "TRT-TNO0.5, Supachai", "TRT-TNO0.5, Supachai", "TRT-TNO0.5, Supachai", "TRT-TNO0.5, Supachai", "TRT-TNO0.5, Supachai", "TRT-TNO0.5, Supachai", "TRT-TNO0.5, Supachai", "TRT-TNO0.5, Supachai", "TRT-TNO0.5, Supachai", "TRT-TNO0.5, Supachai", "TRT-TNO0.5, Supachai", "TRT-TNO0.5, Supachai", "TRT-TNO0.5, Supachai", "TRT-TNO0.5, Supachai", "TRT-TNO0.5, Supachai", "TRT-TNO0.5, Supachai", "TRT-TNO0.5, Supachai", "TRT-TNO0.5, Supachai", "TRT-TNO0.5, Supachai", "TRT-TNO0.5, Supachai", "TRT-TNO0.5, Supachai", "TRT-TNO0.5, Supachai", "TRT-TNO0.5, Supachai", "TRT-TNO0.5, Supachai", "TRT-TNO0.5, Supachai", "TRT-TNO0.5, Supachai", "TRT-TNO0.5, Supachai", "TRT-TNO0.5, Supachai", "TRT-TNO0.5, Supachai", "TRT-TNO0.5, Supachai", "TRT-TNO0.5, Supachai", "TRT-TNO0.5, Supachai", "TRT-TNO0.5, Supachai", "TRT-TNO0.5, Supachai", "TRT-TNO0.5, Supachai", "TRT-TNO0.5, Supachai", "TRT-TNO0.5, Supachai", "TRT-TNO0.5, Supachai", "TRT-TNO0.5, Supachai", "TRT-TNO0.5, Supachai", "Loiano, P.Iwanek", "Loiano, P.Iwanek", "Loiano, P.Iwanek", "Loiano, P.Iwanek", "Loiano, P.Iwanek", "Loiano, P.Iwanek", "Loiano, P.Iwanek", "Loiano, P.Iwanek", "Loiano, P.Iwanek", "Loiano, P.Iwanek", "Loiano, P.Iwanek", "Loiano, P.Iwanek", "Loiano, P.Iwanek", "Loiano, P.Iwanek", "Loiano, P.Iwanek", "Loiano, P.Iwanek", "Loiano, P.Iwanek", "Loiano, P.Iwanek", "Loiano, P.Iwanek", "Loiano, P.Iwanek", "Loiano, P.Iwanek", "Loiano, P.Iwanek", "Loiano, P.Iwanek", "Loiano, P.Iwanek", "Loiano, P.Iwanek", "Loiano, P.Iwanek", "Loiano, P.Iwanek", "Loiano, P.Iwanek", "Loiano, P.Iwanek", "Loiano, P.Iwanek", "Loiano, P.Iwanek"],