{"mjd": [57809.963431, 57815.823315, 57836.967835, 57809.967914, 57815.82806, 57836.973838, 57809.972433, 57815.835864, 57836.978465, 57837.9897566, 57892.7690394, 57892.7704514, 57892.8238426, 57892.8267824, 57892.8297222, 57983.6433218, 57983.6504282, 57983.6584028, 57892.8252662, 57892.828206, 57892.8311458, 57983.6326273, 57983.6397222, 57983.6468287, 57983.6539352, 57983.6619213], "magerr": [0.022299999371170998, 0.043699998408555984, 0.02590000070631504, 0.017100000753998756, 0.029500000178813934, 0.02070000022649765, 0.014700000174343586, 0.018400000408291817, 0.014299999922513962, 0.14970000088214874, 0.0908999964594841, 0.08640000224113464, 0.09539999812841415, 0.10670000314712524, 0.10239999741315842, 0.06520000100135803, 0.06679999828338623, 0.06030000001192093, 0.06080000102519989, 0.06849999725818634, 0.07639999687671661, 0.08449999988079071, 0.09099999815225601, 0.07660000026226044, 0.0738999992609024, 0.08370000123977661], "alert_name": null, "observatory": ["T100,Hasan Esenoglu", "T100,Hasan Esenoglu", "T100,Hasan Esenoglu", "T100,Hasan Esenoglu", "T100,Hasan Esenoglu", "T100,Hasan Esenoglu", "T100,Hasan Esenoglu", "T100,Hasan Esenoglu", "T100,Hasan Esenoglu", "K.Wiersema-Leicester", "TRT-TNO0.5, Supachai", "TRT-TNO0.5, Supachai", "TRT-TNO0.5, Supachai", "TRT-TNO0.5, Supachai", "TRT-TNO0.5, Supachai", "TRT-TNO0.5, Supachai", "TRT-TNO0.5, Supachai", "TRT-TNO0.5, Supachai", "TRT-TNO0.5, Supachai", "TRT-TNO0.5, Supachai", "TRT-TNO0.5, Supachai", "TRT-TNO0.5, Supachai", "TRT-TNO0.5, Supachai", "TRT-TNO0.5, Supachai", "TRT-TNO0.5, Supachai", "TRT-TNO0.5, Supachai"], "caliberr": [0.2029310017824173, 0.040422599762678146, 0.0789514034986496, 0.25469401478767395, 0.06998129934072495, 0.1807350069284439, 0.19818000495433807, 0.08939159661531448, 0.18352900445461273, 0.062038201838731766, 0.07133109867572784, 0.09101179987192154, 0.07784249633550644, 0.07009430229663849, 0.05853889882564545, 0.053483400493860245, 0.05737709999084473, 0.081557497382164, 0.0672726035118103, 0.05765959993004799, 0.07891680300235748, 0.2879970073699951, 0.13833999633789062, 0.11949300020933151, 0.1166360005736351, 0.11337599903345108], "mag": [18.84709930419922, 18.784400939941406, 18.890300750732422, 18.293500900268555, 18.344100952148438, 18.363100051879883, 17.56089973449707, 17.60849952697754, 17.542699813842773, 18.397199630737305, 18.122100830078125, 17.96619987487793, 18.309600830078125, 18.194799423217773, 18.122100830078125, 17.942699432373047, 17.98509979248047, 17.84429931640625, 16.26580047607422, 16.497499465942383, 16.923900604248047, 16.448400497436523, 17.064300537109375, 16.640499114990234, 16.708999633789062, 16.86050033569336], "catalog": ["APASS", "APASS", "APASS", "APASS", "APASS", "APASS", "APASS", "APASS", "APASS", "APASS", "APASS", "APASS", "APASS", "APASS", "APASS", "APASS", "APASS", "APASS", "APASS", "APASS", "APASS", "APASS", "APASS", "APASS", "APASS", "APASS"], "filter": ["g", "g", "g", "r", "r", "r", "i", "i", "i", "r", "r", "r", "r", "r", "r", "r", "r", "r", "i", "i", "i", "i", "i", "i", "i", "i"], "id": [66956, 67208, 68596, 66957, 67209, 68597, 66958, 67210, 68598, 71994, 73779, 73780, 73781, 73782, 73783, 73785, 73786, 73787, 73776, 73777, 73778, 73788, 73789, 73790, 73791, 73792]}